"querywebhook: [4, True]"
"querywebhookevents: [1, True]"
"querywebhooksamplepayload: [12, True]"
"querywarehouse: [4, True]"
"querywarehouses: [12, True]"
"querytranslations: [12, True]"
"querytranslation: [24, True]"
"querystock: [2, True]"
"querystocks: [6, True]"
"queryshop: [31, True]"
"queryshippingzone: [4, True]"
"queryshippingzones: [1, True]"
"querydigitalcontent: [9, True]"
"querydigitalcontents: [1, True]"
"queryattributes: [75, True]"
"queryattribute: [9, True]"
"querycategories: [35, True]"
"querycategory: [40, True]"
"querycollection: [30, True]"
"querycollections: [28, True]"
"queryproduct: [46, True]"
"queryproducts: [117, True]"
"queryproducttype: [12, True]"
"queryproducttypes: [29, True]"
"queryproductvariant: [46, True]"
"queryproductvariants: [22, True]"
"queryreportproductsales: [2, True]"
"querypayment: [1, True]"
"querypayments: [2, True]"
"querypage: [8, True]"
"querypages: [16, True]"
"queryhomepageevents: [2, True]"
"queryorder: [26, True]"
"queryorders: [98, True]"
"querydraftorders: [46, True]"
"queryorderstotal: [2, True]"
"queryorderbytoken: [31, True]"
"querymenu: [8, True]"
"querymenus: [12, True]"
"querymenuitem: [4, True]"
"querymenuitems: [8, True]"
"querygiftcard: [6, True]"
"querygiftcards: [1, True]"
"queryplugin: [2, True]"
"queryplugins: [10, True]"
"querysale: [1, True]"
"querysales: [35, True]"
"queryvoucher: [2, True]"
"queryvouchers: [45, True]"
"queryexportfile: [4, True]"
"queryexportfiles: [12, True]"
"querytaxtypes: [0, False]"
"querycheckout: [41, True]"
"querycheckouts: [1, True]"
"querycheckoutline: [1, True]"
"querycheckoutlines: [1, True]"
"queryappsinstallations: [2, True]"
"queryapps: [15, True]"
"queryapp: [11, True]"
"queryaddressvalidationrules: [3, True]"
"queryaddress: [5, True]"
"querycustomers: [56, True]"
"querypermissiongroups: [10, True]"
"querypermissiongroup: [5, True]"
"queryme: [13, True]"
"querystaffusers: [31, True]"
"queryuser: [37, True]"
"query_entities: [2, True]"
"query_service: [0, False]"
"webhookname: [8, True]"
"webhooktargeturl: [0, False]"
"webhookisactive: [4, True]"
"webhooksecretkey: [0, False]"
"webhookid: [4, True]"
"webhookevents: [4, True]"
"webhookapp: [0, False]"
"nodeid: [0, False]"
"webhookeventeventtype: [5, True]"
"webhookeventname: [1, True]"
"serviceaccountid: [0, False]"
"serviceaccountname: [0, False]"
"serviceaccountcreated: [0, False]"
"serviceaccountisactive: [0, False]"
"serviceaccountpermissions: [0, False]"
"serviceaccounttokens: [0, False]"
"serviceaccountprivatemetadata: [0, False]"
"serviceaccountmetadata: [0, False]"
"objectwithmetadataprivatemetadata: [1, True]"
"objectwithmetadatametadata: [1, True]"
"metadataitemkey: [117, True]"
"metadataitemvalue: [117, True]"
"metastorenamespace: [0, False]"
"metastoreclients: [0, False]"
"metaclientstorename: [0, False]"
"metaclientstoremetadata: [0, False]"
"metaitemkey: [0, False]"
"metaitemvalue: [0, False]"
"permissioncode: [23, True]"
"permissionname: [15, True]"
"serviceaccounttokenname: [0, False]"
"serviceaccounttokenauthtoken: [0, False]"
"serviceaccounttokenid: [0, False]"
"appid: [8, True]"
"appname: [38, True]"
"appcreated: [3, True]"
"appisactive: [8, True]"
"apppermissions: [8, True]"
"apptokens: [8, True]"
"appprivatemetadata: [4, True]"
"appmetadata: [4, True]"
"apptype: [8, True]"
"appwebhooks: [8, True]"
"appaboutapp: [8, True]"
"appdataprivacy: [8, True]"
"appdataprivacyurl: [8, True]"
"apphomepageurl: [8, True]"
"appsupporturl: [8, True]"
"appconfigurationurl: [8, True]"
"appappurl: [8, True]"
"appversion: [0, False]"
"appaccesstoken: [3, True]"
"apptokenname: [0, False]"
"apptokenauthtoken: [8, True]"
"apptokenid: [0, False]"
"webhookcountableconnectionpageinfo: [0, False]"
"webhookcountableconnectionedges: [0, False]"
"webhookcountableconnectiontotalcount: [0, False]"
"pageinfohasnextpage: [267, True]"
"pageinfohaspreviouspage: [265, True]"
"pageinfostartcursor: [265, True]"
"pageinfoendcursor: [266, True]"
"webhookcountableedgenode: [0, False]"
"webhookcountableedgecursor: [0, False]"
"warehouseid: [18, True]"
"warehousename: [21, True]"
"warehouseslug: [0, False]"
"warehousecompanyname: [11, True]"
"warehouseshippingzones: [5, True]"
"warehouseaddress: [5, True]"
"warehouseemail: [11, True]"
"shippingzonecountableconnectionpageinfo: [0, False]"
"shippingzonecountableconnectionedges: [6, True]"
"shippingzonecountableconnectiontotalcount: [1, True]"
"shippingzonecountableedgenode: [6, True]"
"shippingzonecountableedgecursor: [0, False]"
"shippingzoneid: [1, True]"
"shippingzonename: [8, True]"
"shippingzonedefault: [0, False]"
"shippingzonepricerange: [2, True]"
"shippingzonecountries: [5, True]"
"shippingzoneshippingmethods: [4, True]"
"shippingzonewarehouses: [1, True]"
"moneyrangestart: [3, True]"
"moneyrangestop: [3, True]"
"moneycurrency: [230, True]"
"moneyamount: [352, True]"
"countrydisplaycode: [67, True]"
"countrydisplaycountry: [55, True]"
"countrydisplayvat: [2, True]"
"vatcountrycode: [0, False]"
"vatstandardrate: [2, True]"
"vatreducedrates: [1, True]"
"reducedraterate: [1, True]"
"reducedrateratetype: [1, True]"
"shippingmethodid: [27, True]"
"shippingmethodname: [31, True]"
"shippingmethodprice: [29, True]"
"shippingmethodminimumorderprice: [1, True]"
"shippingmethodmaximumorderprice: [0, False]"
"shippingmethodminimumorderweight: [2, True]"
"shippingmethodmaximumorderweight: [2, True]"
"shippingmethodtype: [2, True]"
"shippingmethodtranslation: [2, True]"
"weightunit: [16, True]"
"weightvalue: [16, True]"
"shippingmethodtranslationid: [0, False]"
"shippingmethodtranslationname: [4, True]"
"shippingmethodtranslationlanguage: [2, True]"
"languagedisplaycode: [31, True]"
"languagedisplaylanguage: [12, True]"
"addressid: [43, True]"
"addressfirstname: [71, True]"
"addresslastname: [71, True]"
"addresscompanyname: [48, True]"
"addressstreetaddress1: [71, True]"
"addressstreetaddress2: [70, True]"
"addresscity: [59, True]"
"addresscityarea: [19, True]"
"addresspostalcode: [59, True]"
"addresscountry: [54, True]"
"addresscountryarea: [48, True]"
"addressphone: [71, True]"
"addressisdefaultshippingaddress: [44, True]"
"addressisdefaultbillingaddress: [44, True]"
"warehousecountableconnectionpageinfo: [5, True]"
"warehousecountableconnectionedges: [12, True]"
"warehousecountableconnectiontotalcount: [7, True]"
"warehousecountableedgenode: [12, True]"
"warehousecountableedgecursor: [0, False]"
"translatableitemconnectionpageinfo: [0, False]"
"translatableitemconnectionedges: [12, True]"
"translatableitemconnectiontotalcount: [0, False]"
"translatableitemedgenode: [12, True]"
"translatableitemedgecursor: [0, False]"
"producttranslatablecontentid: [3, True]"
"producttranslatablecontentseotitle: [0, False]"
"producttranslatablecontentseodescription: [0, False]"
"producttranslatablecontentname: [4, True]"
"producttranslatablecontentdescription: [0, False]"
"producttranslatablecontentdescriptionjson: [0, False]"
"producttranslatablecontenttranslation: [4, True]"
"producttranslatablecontentproduct: [3, True]"
"producttranslationid: [8, True]"
"producttranslationseotitle: [8, True]"
"producttranslationseodescription: [8, True]"
"producttranslationname: [14, True]"
"producttranslationdescription: [0, False]"
"producttranslationdescriptionjson: [8, True]"
"producttranslationlanguage: [10, True]"
"productid: [161, True]"
"productseotitle: [19, True]"
"productseodescription: [19, True]"
"productname: [175, True]"
"productdescription: [2, True]"
"productdescriptionjson: [18, True]"
"productpublicationdate: [2, True]"
"productproducttype: [46, True]"
"productslug: [16, True]"
"productcategory: [40, True]"
"productupdatedat: [10, True]"
"productchargetaxes: [0, False]"
"productweight: [10, True]"
"productavailableforpurchase: [20, True]"
"productvisibleinlistings: [10, True]"
"productdefaultvariant: [0, False]"
"productprivatemetadata: [4, True]"
"productmetadata: [4, True]"
"productthumbnail: [170, True]"
"productpricing: [55, True]"
"productisavailable: [21, True]"
"productminimalvariantprice: [0, False]"
"producttaxtype: [0, False]"
"productattributes: [35, True]"
"productpurchasecost: [2, True]"
"productmargin: [2, True]"
"productimagebyid: [1, True]"
"productvariants: [17, True]"
"productimages: [12, True]"
"productcollections: [1, True]"
"producttranslation: [10, True]"
"productisavailableforpurchase: [20, True]"
"productispublished: [22, True]"
"producttypeid: [44, True]"
"producttypename: [49, True]"
"producttypeslug: [0, False]"
"producttypehasvariants: [6, True]"
"producttypeisshippingrequired: [28, True]"
"producttypeisdigital: [0, False]"
"producttypeweight: [1, True]"
"producttypeprivatemetadata: [4, True]"
"producttypemetadata: [4, True]"
"producttypeproducts: [2, True]"
"producttypetaxrate: [1, True]"
"producttypetaxtype: [1, True]"
"producttypevariantattributes: [2, True]"
"producttypeproductattributes: [2, True]"
"producttypeavailableattributes: [2, True]"
"productcountableconnectionpageinfo: [60, True]"
"productcountableconnectionedges: [146, True]"
"productcountableconnectiontotalcount: [54, True]"
"productcountableedgenode: [146, True]"
"productcountableedgecursor: [1, True]"
"taxtypedescription: [1, True]"
"taxtypetaxcode: [1, True]"
"attributeid: [99, True]"
"attributeproducttypes: [0, False]"
"attributeproductvarianttypes: [0, False]"
"attributeprivatemetadata: [4, True]"
"attributemetadata: [4, True]"
"attributeinputtype: [0, False]"
"attributename: [120, True]"
"attributeslug: [75, True]"
"attributevalues: [28, True]"
"attributevaluerequired: [1, True]"
"attributevisibleinstorefront: [1, True]"
"attributefilterableinstorefront: [1, True]"
"attributefilterableindashboard: [1, True]"
"attributeavailableingrid: [1, True]"
"attributetranslation: [2, True]"
"attributestorefrontsearchposition: [1, True]"
"producttypecountableconnectionpageinfo: [12, True]"
"producttypecountableconnectionedges: [29, True]"
"producttypecountableconnectiontotalcount: [1, True]"
"producttypecountableedgenode: [29, True]"
"producttypecountableedgecursor: [0, False]"
"attributevalueid: [83, True]"
"attributevaluename: [136, True]"
"attributevalueslug: [29, True]"
"attributevaluetranslation: [3, True]"
"attributevalueinputtype: [1, True]"
"attributevaluetranslationid: [1, True]"
"attributevaluetranslationname: [4, True]"
"attributevaluetranslationlanguage: [2, True]"
"attributetranslationid: [1, True]"
"attributetranslationname: [3, True]"
"attributetranslationlanguage: [1, True]"
"attributecountableconnectionpageinfo: [15, True]"
"attributecountableconnectionedges: [77, True]"
"attributecountableconnectiontotalcount: [4, True]"
"attributecountableedgenode: [77, True]"
"attributecountableedgecursor: [0, False]"
"categoryseotitle: [17, True]"
"categoryseodescription: [17, True]"
"categoryid: [110, True]"
"categoryname: [145, True]"
"categorydescription: [0, False]"
"categorydescriptionjson: [2, True]"
"categoryslug: [2, True]"
"categoryparent: [3, True]"
"categorylevel: [0, False]"
"categoryprivatemetadata: [4, True]"
"categorymetadata: [4, True]"
"categoryancestors: [25, True]"
"categoryproducts: [31, True]"
"categorychildren: [20, True]"
"categorybackgroundimage: [19, True]"
"categorytranslation: [3, True]"
"categorycountableconnectionpageinfo: [20, True]"
"categorycountableconnectionedges: [71, True]"
"categorycountableconnectiontotalcount: [14, True]"
"categorycountableedgenode: [71, True]"
"categorycountableedgecursor: [0, False]"
"imageurl: [207, True]"
"imagealt: [85, True]"
"categorytranslationseotitle: [1, True]"
"categorytranslationseodescription: [1, True]"
"categorytranslationid: [1, True]"
"categorytranslationname: [4, True]"
"categorytranslationdescription: [0, False]"
"categorytranslationdescriptionjson: [1, True]"
"categorytranslationlanguage: [3, True]"
"productvariantid: [61, True]"
"productvariantname: [66, True]"
"productvariantsku: [64, True]"
"productvariantproduct: [46, True]"
"productvarianttrackinventory: [0, False]"
"productvariantweight: [1, True]"
"productvariantprivatemetadata: [4, True]"
"productvariantmetadata: [4, True]"
"productvariantprice: [2, True]"
"productvariantpricing: [52, True]"
"productvariantattributes: [45, True]"
"productvariantcostprice: [2, True]"
"productvariantmargin: [1, True]"
"productvariantquantityordered: [3, True]"
"productvariantrevenue: [2, True]"
"productvariantimages: [11, True]"
"productvarianttranslation: [2, True]"
"productvariantdigitalcontent: [2, True]"
"productvariantstocks: [3, True]"
"productvariantquantityavailable: [53, True]"
"variantpricinginfoonsale: [48, True]"
"variantpricinginfodiscount: [1, True]"
"variantpricinginfodiscountlocalcurrency: [2, True]"
"variantpricinginfoprice: [50, True]"
"variantpricinginfopriceundiscounted: [52, True]"
"variantpricinginfopricelocalcurrency: [2, True]"
"taxedmoneycurrency: [34, True]"
"taxedmoneygross: [206, True]"
"taxedmoneynet: [82, True]"
"taxedmoneytax: [0, False]"
"selectedattributeattribute: [78, True]"
"selectedattributevalues: [74, True]"
"productimageid: [23, True]"
"productimagesortorder: [0, False]"
"productimagealt: [20, True]"
"productimageurl: [23, True]"
"productvarianttranslationid: [0, False]"
"productvarianttranslationname: [5, True]"
"productvarianttranslationlanguage: [2, True]"
"digitalcontentusedefaultsettings: [0, False]"
"digitalcontentautomaticfulfillment: [0, False]"
"digitalcontentproductvariant: [0, False]"
"digitalcontentcontentfile: [1, True]"
"digitalcontentmaxdownloads: [0, False]"
"digitalcontenturlvaliddays: [0, False]"
"digitalcontenturls: [0, False]"
"digitalcontentid: [3, True]"
"digitalcontentprivatemetadata: [4, True]"
"digitalcontentmetadata: [4, True]"
"digitalcontenturlcontent: [0, False]"
"digitalcontenturlcreated: [0, False]"
"digitalcontenturldownloadnum: [0, False]"
"digitalcontenturlid: [0, False]"
"digitalcontenturlurl: [0, False]"
"digitalcontenturltoken: [0, False]"
"stockwarehouse: [5, True]"
"stockproductvariant: [3, True]"
"stockquantity: [5, True]"
"stockid: [7, True]"
"stockquantityallocated: [5, True]"
"productpricinginfoonsale: [34, True]"
"productpricinginfodiscount: [1, True]"
"productpricinginfodiscountlocalcurrency: [0, False]"
"productpricinginfopricerange: [47, True]"
"productpricinginfopricerangeundiscounted: [52, True]"
"productpricinginfopricerangelocalcurrency: [1, True]"
"taxedmoneyrangestart: [100, True]"
"taxedmoneyrangestop: [79, True]"
"marginstart: [1, True]"
"marginstop: [1, True]"
"collectionseotitle: [4, True]"
"collectionseodescription: [4, True]"
"collectionid: [28, True]"
"collectionname: [46, True]"
"collectiondescription: [1, True]"
"collectiondescriptionjson: [1, True]"
"collectionpublicationdate: [2, True]"
"collectionslug: [4, True]"
"collectionprivatemetadata: [4, True]"
"collectionmetadata: [4, True]"
"collectionproducts: [17, True]"
"collectionbackgroundimage: [5, True]"
"collectiontranslation: [3, True]"
"collectionispublished: [9, True]"
"collectiontranslationseotitle: [1, True]"
"collectiontranslationseodescription: [1, True]"
"collectiontranslationid: [1, True]"
"collectiontranslationname: [6, True]"
"collectiontranslationdescription: [0, False]"
"collectiontranslationdescriptionjson: [1, True]"
"collectiontranslationlanguage: [3, True]"
"collectiontranslatablecontentseotitle: [0, False]"
"collectiontranslatablecontentseodescription: [0, False]"
"collectiontranslatablecontentid: [3, True]"
"collectiontranslatablecontentname: [3, True]"
"collectiontranslatablecontentdescription: [0, False]"
"collectiontranslatablecontentdescriptionjson: [0, False]"
"collectiontranslatablecontenttranslation: [3, True]"
"collectiontranslatablecontentcollection: [3, True]"
"categorytranslatablecontentseotitle: [0, False]"
"categorytranslatablecontentseodescription: [0, False]"
"categorytranslatablecontentid: [1, True]"
"categorytranslatablecontentname: [1, True]"
"categorytranslatablecontentdescription: [0, False]"
"categorytranslatablecontentdescriptionjson: [0, False]"
"categorytranslatablecontenttranslation: [1, True]"
"categorytranslatablecontentcategory: [1, True]"
"attributetranslatablecontentid: [1, True]"
"attributetranslatablecontentname: [1, True]"
"attributetranslatablecontenttranslation: [1, True]"
"attributetranslatablecontentattribute: [1, True]"
"attributevaluetranslatablecontentid: [1, True]"
"attributevaluetranslatablecontentname: [1, True]"
"attributevaluetranslatablecontenttranslation: [1, True]"
"attributevaluetranslatablecontentattributevalue: [1, True]"
"productvarianttranslatablecontentid: [3, True]"
"productvarianttranslatablecontentname: [3, True]"
"productvarianttranslatablecontenttranslation: [3, True]"
"productvarianttranslatablecontentproductvariant: [3, True]"
"pagetranslatablecontentseotitle: [0, False]"
"pagetranslatablecontentseodescription: [0, False]"
"pagetranslatablecontentid: [3, True]"
"pagetranslatablecontenttitle: [3, True]"
"pagetranslatablecontentcontent: [0, False]"
"pagetranslatablecontentcontentjson: [0, False]"
"pagetranslatablecontenttranslation: [3, True]"
"pagetranslatablecontentpage: [3, True]"
"pagetranslationseotitle: [0, False]"
"pagetranslationseodescription: [0, False]"
"pagetranslationid: [0, False]"
"pagetranslationtitle: [5, True]"
"pagetranslationcontent: [0, False]"
"pagetranslationcontentjson: [0, False]"
"pagetranslationlanguage: [2, True]"
"pageseotitle: [0, False]"
"pageseodescription: [0, False]"
"pageid: [11, True]"
"pagetitle: [18, True]"
"pagecontent: [0, False]"
"pagecontentjson: [0, False]"
"pagepublicationdate: [0, False]"
"pageslug: [6, True]"
"pagecreated: [0, False]"
"pageprivatemetadata: [0, False]"
"pagemetadata: [0, False]"
"pagetranslation: [2, True]"
"pageispublished: [2, True]"
"shippingmethodtranslatablecontentid: [2, True]"
"shippingmethodtranslatablecontentname: [2, True]"
"shippingmethodtranslatablecontenttranslation: [2, True]"
"shippingmethodtranslatablecontentshippingmethod: [2, True]"
"saletranslatablecontentid: [2, True]"
"saletranslatablecontentname: [2, True]"
"saletranslatablecontenttranslation: [2, True]"
"saletranslatablecontentsale: [2, True]"
"saletranslationid: [0, False]"
"saletranslationname: [3, True]"
"saletranslationlanguage: [1, True]"
"saleid: [14, True]"
"salename: [37, True]"
"saletype: [1, True]"
"salevalue: [1, True]"
"salestartdate: [13, True]"
"saleenddate: [0, False]"
"salecategories: [0, False]"
"salecollections: [0, False]"
"saleproducts: [0, False]"
"saletranslation: [1, True]"
"collectioncountableconnectionpageinfo: [12, True]"
"collectioncountableconnectionedges: [28, True]"
"collectioncountableconnectiontotalcount: [0, False]"
"collectioncountableedgenode: [28, True]"
"collectioncountableedgecursor: [0, False]"
"vouchertranslatablecontentid: [2, True]"
"vouchertranslatablecontentname: [2, True]"
"vouchertranslatablecontenttranslation: [2, True]"
"vouchertranslatablecontentvoucher: [2, True]"
"vouchertranslationid: [0, False]"
"vouchertranslationname: [4, True]"
"vouchertranslationlanguage: [2, True]"
"voucherid: [16, True]"
"vouchername: [47, True]"
"vouchertype: [1, True]"
"vouchercode: [1, True]"
"voucherusagelimit: [1, True]"
"voucherused: [1, True]"
"voucherstartdate: [15, True]"
"voucherenddate: [0, False]"
"voucherapplyonceperorder: [0, False]"
"voucherapplyoncepercustomer: [1, True]"
"voucherdiscountvaluetype: [1, True]"
"voucherdiscountvalue: [1, True]"
"voucherminspent: [0, False]"
"vouchermincheckoutitemsquantity: [0, False]"
"vouchercategories: [0, False]"
"vouchercollections: [0, False]"
"voucherproducts: [0, False]"
"vouchercountries: [1, True]"
"vouchertranslation: [2, True]"
"menuitemtranslatablecontentid: [3, True]"
"menuitemtranslatablecontentname: [3, True]"
"menuitemtranslatablecontenttranslation: [3, True]"
"menuitemtranslatablecontentmenuitem: [3, True]"
"menuitemtranslationid: [0, False]"
"menuitemtranslationname: [5, True]"
"menuitemtranslationlanguage: [2, True]"
"menuitemid: [8, True]"
"menuitemname: [16, True]"
"menuitemmenu: [0, False]"
"menuitemparent: [1, True]"
"menuitemcategory: [4, True]"
"menuitemcollection: [3, True]"
"menuitempage: [4, True]"
"menuitemlevel: [0, False]"
"menuitemchildren: [1, True]"
"menuitemurl: [4, True]"
"menuitemtranslation: [2, True]"
"menuid: [9, True]"
"menuname: [20, True]"
"menuslug: [9, True]"
"menuitems: [0, False]"
"stockcountableconnectionpageinfo: [0, False]"
"stockcountableconnectionedges: [6, True]"
"stockcountableconnectiontotalcount: [6, True]"
"stockcountableedgenode: [6, True]"
"stockcountableedgecursor: [0, False]"
"shopavailablepaymentgateways: [3, True]"
"shopgeolocalization: [2, True]"
"shopauthorizationkeys: [1, True]"
"shopcountries: [7, True]"
"shopdefaultcountry: [4, True]"
"shopdefaultmailsendername: [1, True]"
"shopdefaultmailsenderaddress: [1, True]"
"shopdescription: [2, True]"
"shopdomain: [2, True]"
"shoplanguages: [2, True]"
"shopname: [3, True]"
"shoppermissions: [2, True]"
"shopphoneprefixes: [0, False]"
"shopheadertext: [0, False]"
"shopincludetaxesinprices: [1, True]"
"shopdisplaygrossprices: [1, True]"
"shopchargetaxesonshipping: [1, True]"
"shoptrackinventorybydefault: [1, True]"
"shopdefaultweightunit: [1, True]"
"shoptranslation: [1, True]"
"shopautomaticfulfillmentdigitalproducts: [1, True]"
"shopdefaultdigitalmaxdownloads: [1, True]"
"shopdefaultdigitalurlvaliddays: [1, True]"
"shopcompanyaddress: [1, True]"
"shopcustomersetpasswordurl: [0, False]"
"shopstaffnotificationrecipients: [1, True]"
"paymentgatewayname: [29, True]"
"paymentgatewayid: [29, True]"
"paymentgatewayconfig: [26, True]"
"paymentgatewaycurrencies: [19, True]"
"gatewayconfiglinefield: [26, True]"
"gatewayconfiglinevalue: [26, True]"
"geolocalizationcountry: [2, True]"
"authorizationkeyname: [1, True]"
"authorizationkeykey: [1, True]"
"domainhost: [2, True]"
"domainsslenabled: [1, True]"
"domainurl: [2, True]"
"navigationmain: [0, False]"
"navigationsecondary: [0, False]"
"shoptranslationid: [0, False]"
"shoptranslationheadertext: [1, True]"
"shoptranslationdescription: [0, False]"
"shoptranslationlanguage: [1, True]"
"staffnotificationrecipientuser: [1, True]"
"staffnotificationrecipientactive: [1, True]"
"staffnotificationrecipientid: [0, False]"
"staffnotificationrecipientemail: [1, True]"
"userid: [82, True]"
"userlastlogin: [5, True]"
"useremail: [70, True]"
"userfirstname: [97, True]"
"userlastname: [51, True]"
"userisstaff: [10, True]"
"userisactive: [6, True]"
"usernote: [1, True]"
"userdatejoined: [5, True]"
"userdefaultshippingaddress: [6, True]"
"userdefaultbillingaddress: [6, True]"
"userprivatemetadata: [5, True]"
"usermetadata: [5, True]"
"useraddresses: [6, True]"
"usercheckout: [2, True]"
"usergiftcards: [1, True]"
"userorders: [7, True]"
"useruserpermissions: [11, True]"
"userpermissiongroups: [5, True]"
"usereditablegroups: [4, True]"
"useravatar: [12, True]"
"userevents: [12, True]"
"userstoredpaymentsources: [2, True]"
"checkoutcreated: [0, False]"
"checkoutlastchange: [0, False]"
"checkoutuser: [4, True]"
"checkoutquantity: [0, False]"
"checkoutbillingaddress: [23, True]"
"checkoutshippingaddress: [23, True]"
"checkoutshippingmethod: [23, True]"
"checkoutnote: [0, False]"
"checkoutdiscount: [23, True]"
"checkoutdiscountname: [23, True]"
"checkouttranslateddiscountname: [23, True]"
"checkoutvouchercode: [23, True]"
"checkoutgiftcards: [3, True]"
"checkoutid: [23, True]"
"checkoutprivatemetadata: [5, True]"
"checkoutmetadata: [5, True]"
"checkoutavailableshippingmethods: [29, True]"
"checkoutavailablepaymentgateways: [26, True]"
"checkoutemail: [23, True]"
"checkoutisshippingrequired: [23, True]"
"checkoutlines: [26, True]"
"checkoutshippingprice: [23, True]"
"checkoutsubtotalprice: [25, True]"
"checkouttoken: [42, True]"
"checkouttotalprice: [25, True]"
"giftcardcode: [3, True]"
"giftcarduser: [4, True]"
"giftcardcreated: [0, False]"
"giftcardstartdate: [0, False]"
"giftcardenddate: [0, False]"
"giftcardlastusedon: [0, False]"
"giftcardisactive: [0, False]"
"giftcardinitialbalance: [0, False]"
"giftcardcurrentbalance: [4, True]"
"giftcardid: [8, True]"
"giftcarddisplaycode: [10, True]"
"checkoutlineid: [26, True]"
"checkoutlinevariant: [25, True]"
"checkoutlinequantity: [32, True]"
"checkoutlinetotalprice: [26, True]"
"checkoutlinerequiresshipping: [0, False]"
"giftcardcountableconnectionpageinfo: [0, False]"
"giftcardcountableconnectionedges: [2, True]"
"giftcardcountableconnectiontotalcount: [1, True]"
"giftcardcountableedgenode: [2, True]"
"giftcardcountableedgecursor: [0, False]"
"ordercountableconnectionpageinfo: [64, True]"
"ordercountableconnectionedges: [143, True]"
"ordercountableconnectiontotalcount: [110, True]"
"ordercountableedgenode: [143, True]"
"ordercountableedgecursor: [0, False]"
"orderid: [145, True]"
"ordercreated: [27, True]"
"orderstatus: [16, True]"
"orderuser: [2, True]"
"orderlanguagecode: [0, False]"
"ordertrackingclientid: [0, False]"
"orderbillingaddress: [18, True]"
"ordershippingaddress: [14, True]"
"ordershippingmethod: [0, False]"
"ordershippingmethodname: [0, False]"
"ordershippingprice: [6, True]"
"ordertoken: [5, True]"
"ordervoucher: [0, False]"
"ordergiftcards: [1, True]"
"orderdiscount: [0, False]"
"orderdiscountname: [0, False]"
"ordertranslateddiscountname: [0, False]"
"orderdisplaygrossprices: [0, False]"
"ordercustomernote: [0, False]"
"orderweight: [0, False]"
"orderprivatemetadata: [12, True]"
"ordermetadata: [12, True]"
"orderfulfillments: [12, True]"
"orderlines: [10, True]"
"orderactions: [0, False]"
"orderavailableshippingmethods: [2, True]"
"orderinvoices: [2, True]"
"ordernumber: [89, True]"
"orderispaid: [1, True]"
"orderpaymentstatus: [15, True]"
"orderpaymentstatusdisplay: [6, True]"
"orderpayments: [1, True]"
"ordertotal: [70, True]"
"ordersubtotal: [6, True]"
"orderstatusdisplay: [6, True]"
"ordercanfinalize: [4, True]"
"ordertotalauthorized: [0, False]"
"ordertotalcaptured: [0, False]"
"orderevents: [4, True]"
"ordertotalbalance: [0, False]"
"orderuseremail: [24, True]"
"orderisshippingrequired: [0, False]"
"fulfillmentid: [1, True]"
"fulfillmentfulfillmentorder: [2, True]"
"fulfillmentstatus: [3, True]"
"fulfillmenttrackingnumber: [1, True]"
"fulfillmentcreated: [0, False]"
"fulfillmentprivatemetadata: [4, True]"
"fulfillmentmetadata: [4, True]"
"fulfillmentlines: [1, True]"
"fulfillmentstatusdisplay: [0, False]"
"fulfillmentwarehouse: [1, True]"
"fulfillmentlineid: [0, False]"
"fulfillmentlinequantity: [2, True]"
"fulfillmentlineorderline: [2, True]"
"orderlineid: [16, True]"
"orderlineproductname: [6, True]"
"orderlinevariantname: [1, True]"
"orderlineproductsku: [0, False]"
"orderlineisshippingrequired: [0, False]"
"orderlinequantity: [6, True]"
"orderlinequantityfulfilled: [0, False]"
"orderlinetaxrate: [0, False]"
"orderlinedigitalcontenturl: [0, False]"
"orderlinethumbnail: [1, True]"
"orderlineunitprice: [6, True]"
"orderlinetotalprice: [5, True]"
"orderlinevariant: [8, True]"
"orderlinetranslatedproductname: [0, False]"
"orderlinetranslatedvariantname: [0, False]"
"orderlineallocations: [2, True]"
"allocationid: [2, True]"
"allocationquantity: [2, True]"
"allocationwarehouse: [2, True]"
"invoiceid: [1, True]"
"invoicemetadata: [0, False]"
"invoicestatus: [1, True]"
"invoicenumber: [2, True]"
"invoiceexternalurl: [2, True]"
"invoiceprivatemetadata: [0, False]"
"invoicecreatedat: [0, False]"
"invoiceupdatedat: [0, False]"
"invoicemessage: [0, False]"
"invoiceurl: [0, False]"
"jobstatus: [0, False]"
"jobcreatedat: [0, False]"
"jobupdatedat: [0, False]"
"jobmessage: [0, False]"
"paymentid: [7, True]"
"paymentgateway: [4, True]"
"paymentisactive: [0, False]"
"paymentcreated: [0, False]"
"paymentmodified: [0, False]"
"paymenttoken: [3, True]"
"paymentcheckout: [0, False]"
"paymentorder: [0, False]"
"paymentcustomeripaddress: [0, False]"
"paymentchargestatus: [1, True]"
"paymentactions: [1, True]"
"paymenttotal: [4, True]"
"paymentcapturedamount: [1, True]"
"paymenttransactions: [1, True]"
"paymentavailablecaptureamount: [0, False]"
"paymentavailablerefundamount: [0, False]"
"paymentcreditcard: [3, True]"
"transactionid: [0, False]"
"transactioncreated: [0, False]"
"transactionpayment: [0, False]"
"transactiontoken: [0, False]"
"transactionkind: [0, False]"
"transactionissuccess: [0, False]"
"transactionerror: [0, False]"
"transactionamount: [1, True]"
"creditcardbrand: [3, True]"
"creditcardfirstdigits: [4, True]"
"creditcardlastdigits: [4, True]"
"creditcardexpmonth: [3, True]"
"creditcardexpyear: [3, True]"
"ordereventid: [3, True]"
"ordereventdate: [4, True]"
"ordereventtype: [5, True]"
"ordereventuser: [4, True]"
"ordereventmessage: [4, True]"
"ordereventemail: [4, True]"
"ordereventemailtype: [4, True]"
"ordereventamount: [4, True]"
"ordereventpaymentid: [2, True]"
"ordereventpaymentgateway: [2, True]"
"ordereventquantity: [4, True]"
"ordereventcomposedid: [3, True]"
"ordereventordernumber: [3, True]"
"ordereventinvoicenumber: [1, True]"
"ordereventoversolditems: [1, True]"
"ordereventlines: [2, True]"
"ordereventfulfilleditems: [1, True]"
"ordereventwarehouse: [1, True]"
"ordereventorderlineobjectquantity: [2, True]"
"ordereventorderlineobjectorderline: [1, True]"
"ordereventorderlineobjectitemname: [0, False]"
"userpermissioncode: [11, True]"
"userpermissionname: [7, True]"
"userpermissionsourcepermissiongroups: [4, True]"
"groupid: [9, True]"
"groupname: [28, True]"
"grouppermissions: [13, True]"
"groupusers: [8, True]"
"groupusercanmanage: [9, True]"
"customereventid: [11, True]"
"customereventdate: [0, False]"
"customereventtype: [11, True]"
"customereventuser: [11, True]"
"customereventmessage: [11, True]"
"customereventcount: [11, True]"
"customereventorder: [11, True]"
"customereventorderline: [12, True]"
"paymentsourcegateway: [1, True]"
"paymentsourcecreditcardinfo: [2, True]"
"digitalcontentcountableconnectionpageinfo: [0, False]"
"digitalcontentcountableconnectionedges: [1, True]"
"digitalcontentcountableconnectiontotalcount: [0, False]"
"digitalcontentcountableedgenode: [1, True]"
"digitalcontentcountableedgecursor: [0, False]"
"productvariantcountableconnectionpageinfo: [0, False]"
"productvariantcountableconnectionedges: [24, True]"
"productvariantcountableconnectiontotalcount: [1, True]"
"productvariantcountableedgenode: [24, True]"
"productvariantcountableedgecursor: [0, False]"
"paymentcountableconnectionpageinfo: [0, False]"
"paymentcountableconnectionedges: [2, True]"
"paymentcountableconnectiontotalcount: [0, False]"
"paymentcountableedgenode: [2, True]"
"paymentcountableedgecursor: [0, False]"
"pagecountableconnectionpageinfo: [0, False]"
"pagecountableconnectionedges: [16, True]"
"pagecountableconnectiontotalcount: [5, True]"
"pagecountableedgenode: [16, True]"
"pagecountableedgecursor: [0, False]"
"ordereventcountableconnectionpageinfo: [0, False]"
"ordereventcountableconnectionedges: [2, True]"
"ordereventcountableconnectiontotalcount: [0, False]"
"ordereventcountableedgenode: [2, True]"
"ordereventcountableedgecursor: [0, False]"
"menucountableconnectionpageinfo: [4, True]"
"menucountableconnectionedges: [12, True]"
"menucountableconnectiontotalcount: [4, True]"
"menucountableedgenode: [12, True]"
"menucountableedgecursor: [0, False]"
"menuitemcountableconnectionpageinfo: [4, True]"
"menuitemcountableconnectionedges: [8, True]"
"menuitemcountableconnectiontotalcount: [2, True]"
"menuitemcountableedgenode: [8, True]"
"menuitemcountableedgecursor: [0, False]"
"pluginid: [8, True]"
"pluginname: [7, True]"
"plugindescription: [3, True]"
"pluginactive: [3, True]"
"pluginconfiguration: [3, True]"
"configurationitemname: [3, True]"
"configurationitemvalue: [3, True]"
"configurationitemtype: [3, True]"
"configurationitemhelptext: [3, True]"
"configurationitemlabel: [3, True]"
"plugincountableconnectionpageinfo: [0, False]"
"plugincountableconnectionedges: [10, True]"
"plugincountableconnectiontotalcount: [5, True]"
"plugincountableedgenode: [10, True]"
"plugincountableedgecursor: [0, False]"
"salecountableconnectionpageinfo: [12, True]"
"salecountableconnectionedges: [35, True]"
"salecountableconnectiontotalcount: [0, False]"
"salecountableedgenode: [35, True]"
"salecountableedgecursor: [0, False]"
"vouchercountableconnectionpageinfo: [16, True]"
"vouchercountableconnectionedges: [45, True]"
"vouchercountableconnectiontotalcount: [0, False]"
"vouchercountableedgenode: [45, True]"
"vouchercountableedgecursor: [0, False]"
"exportfileid: [16, True]"
"exportfileuser: [16, True]"
"exportfileapp: [16, True]"
"exportfilestatus: [16, True]"
"exportfilecreatedat: [16, True]"
"exportfileupdatedat: [16, True]"
"exportfilemessage: [0, False]"
"exportfileurl: [16, True]"
"exportfileevents: [4, True]"
"exporteventid: [0, False]"
"exporteventdate: [4, True]"
"exporteventtype: [4, True]"
"exporteventuser: [4, True]"
"exporteventapp: [4, True]"
"exporteventmessage: [4, True]"
"exportfilecountableconnectionpageinfo: [0, False]"
"exportfilecountableconnectionedges: [12, True]"
"exportfilecountableconnectiontotalcount: [0, False]"
"exportfilecountableedgenode: [12, True]"
"exportfilecountableedgecursor: [0, False]"
"checkoutcountableconnectionpageinfo: [0, False]"
"checkoutcountableconnectionedges: [1, True]"
"checkoutcountableconnectiontotalcount: [0, False]"
"checkoutcountableedgenode: [1, True]"
"checkoutcountableedgecursor: [0, False]"
"checkoutlinecountableconnectionpageinfo: [0, False]"
"checkoutlinecountableconnectionedges: [1, True]"
"checkoutlinecountableconnectiontotalcount: [0, False]"
"checkoutlinecountableedgenode: [1, True]"
"checkoutlinecountableedgecursor: [0, False]"
"appinstallationappname: [1, True]"
"appinstallationmanifesturl: [1, True]"
"appinstallationid: [2, True]"
"appinstallationstatus: [1, True]"
"appinstallationcreatedat: [0, False]"
"appinstallationupdatedat: [0, False]"
"appinstallationmessage: [1, True]"
"appcountableconnectionpageinfo: [6, True]"
"appcountableconnectionedges: [15, True]"
"appcountableconnectiontotalcount: [0, False]"
"appcountableedgenode: [15, True]"
"appcountableedgecursor: [0, False]"
"addressvalidationdatacountrycode: [2, True]"
"addressvalidationdatacountryname: [2, True]"
"addressvalidationdataaddressformat: [1, True]"
"addressvalidationdataaddresslatinformat: [1, True]"
"addressvalidationdataallowedfields: [1, True]"
"addressvalidationdatarequiredfields: [1, True]"
"addressvalidationdataupperfields: [0, False]"
"addressvalidationdatacountryareatype: [1, True]"
"addressvalidationdatacountryareachoices: [1, True]"
"addressvalidationdatacitytype: [1, True]"
"addressvalidationdatacitychoices: [1, True]"
"addressvalidationdatacityareatype: [1, True]"
"addressvalidationdatacityareachoices: [1, True]"
"addressvalidationdatapostalcodetype: [0, False]"
"addressvalidationdatapostalcodematchers: [1, True]"
"addressvalidationdatapostalcodeexamples: [0, False]"
"addressvalidationdatapostalcodeprefix: [0, False]"
"choicevalueraw: [3, True]"
"choicevalueverbose: [3, True]"
"usercountableconnectionpageinfo: [33, True]"
"usercountableconnectionedges: [86, True]"
"usercountableconnectiontotalcount: [37, True]"
"usercountableedgenode: [86, True]"
"usercountableedgecursor: [1, True]"
"groupcountableconnectionpageinfo: [5, True]"
"groupcountableconnectionedges: [10, True]"
"groupcountableconnectiontotalcount: [0, False]"
"groupcountableedgenode: [10, True]"
"groupcountableedgecursor: [0, False]"
"serviceaccountcountableconnectionpageinfo: [0, False]"
"serviceaccountcountableconnectionedges: [0, False]"
"serviceaccountcountableconnectiontotalcount: [0, False]"
"serviceaccountcountableedgenode: [0, False]"
"serviceaccountcountableedgecursor: [0, False]"
"mutationwebhookcreate: [0, False]"
"mutationwebhookdelete: [0, False]"
"mutationwebhookupdate: [0, False]"
"mutationcreatewarehouse: [0, False]"
"mutationupdatewarehouse: [0, False]"
"mutationdeletewarehouse: [0, False]"
"mutationassignwarehouseshippingzone: [0, False]"
"mutationunassignwarehouseshippingzone: [0, False]"
"mutationauthorizationkeyadd: [0, False]"
"mutationauthorizationkeydelete: [0, False]"
"mutationstaffnotificationrecipientcreate: [0, False]"
"mutationstaffnotificationrecipientupdate: [0, False]"
"mutationstaffnotificationrecipientdelete: [0, False]"
"mutationhomepagecollectionupdate: [0, False]"
"mutationshopdomainupdate: [0, False]"
"mutationshopsettingsupdate: [0, False]"
"mutationshopfetchtaxrates: [0, False]"
"mutationshopsettingstranslate: [0, False]"
"mutationshopaddressupdate: [0, False]"
"mutationshippingpricecreate: [0, False]"
"mutationshippingpricedelete: [0, False]"
"mutationshippingpricebulkdelete: [0, False]"
"mutationshippingpriceupdate: [0, False]"
"mutationshippingpricetranslate: [0, False]"
"mutationshippingzonecreate: [0, False]"
"mutationshippingzonedelete: [0, False]"
"mutationshippingzonebulkdelete: [0, False]"
"mutationshippingzoneupdate: [0, False]"
"mutationattributecreate: [0, False]"
"mutationattributedelete: [0, False]"
"mutationattributebulkdelete: [0, False]"
"mutationattributeassign: [0, False]"
"mutationattributeunassign: [0, False]"
"mutationattributeupdate: [0, False]"
"mutationattributetranslate: [0, False]"
"mutationattributevaluecreate: [0, False]"
"mutationattributevaluedelete: [0, False]"
"mutationattributevaluebulkdelete: [0, False]"
"mutationattributevalueupdate: [0, False]"
"mutationattributevaluetranslate: [0, False]"
"mutationattributereordervalues: [0, False]"
"mutationcategorycreate: [0, False]"
"mutationcategorydelete: [0, False]"
"mutationcategorybulkdelete: [0, False]"
"mutationcategoryupdate: [0, False]"
"mutationcategorytranslate: [0, False]"
"mutationcollectionaddproducts: [0, False]"
"mutationcollectioncreate: [0, False]"
"mutationcollectiondelete: [0, False]"
"mutationcollectionreorderproducts: [0, False]"
"mutationcollectionbulkdelete: [0, False]"
"mutationcollectionbulkpublish: [0, False]"
"mutationcollectionremoveproducts: [0, False]"
"mutationcollectionupdate: [0, False]"
"mutationcollectiontranslate: [0, False]"
"mutationproductcreate: [0, False]"
"mutationproductdelete: [0, False]"
"mutationproductbulkdelete: [0, False]"
"mutationproductbulkpublish: [0, False]"
"mutationproductupdate: [0, False]"
"mutationproducttranslate: [0, False]"
"mutationproductsetavailabilityforpurchase: [0, False]"
"mutationproductimagecreate: [0, False]"
"mutationproductvariantreorder: [0, False]"
"mutationproductimagedelete: [0, False]"
"mutationproductimagebulkdelete: [0, False]"
"mutationproductimagereorder: [0, False]"
"mutationproductimageupdate: [0, False]"
"mutationproducttypecreate: [0, False]"
"mutationproducttypedelete: [0, False]"
"mutationproducttypebulkdelete: [0, False]"
"mutationproducttypeupdate: [0, False]"
"mutationproducttypereorderattributes: [0, False]"
"mutationdigitalcontentcreate: [0, False]"
"mutationdigitalcontentdelete: [0, False]"
"mutationdigitalcontentupdate: [0, False]"
"mutationdigitalcontenturlcreate: [0, False]"
"mutationproductvariantcreate: [0, False]"
"mutationproductvariantdelete: [0, False]"
"mutationproductvariantbulkcreate: [0, False]"
"mutationproductvariantbulkdelete: [0, False]"
"mutationproductvariantstockscreate: [0, False]"
"mutationproductvariantstocksdelete: [0, False]"
"mutationproductvariantstocksupdate: [0, False]"
"mutationproductvariantupdate: [0, False]"
"mutationproductvariantsetdefault: [0, False]"
"mutationproductvarianttranslate: [0, False]"
"mutationvariantimageassign: [0, False]"
"mutationvariantimageunassign: [0, False]"
"mutationpaymentcapture: [0, False]"
"mutationpaymentrefund: [0, False]"
"mutationpaymentvoid: [0, False]"
"mutationpagecreate: [0, False]"
"mutationpagedelete: [0, False]"
"mutationpagebulkdelete: [0, False]"
"mutationpagebulkpublish: [0, False]"
"mutationpageupdate: [0, False]"
"mutationpagetranslate: [0, False]"
"mutationdraftordercomplete: [0, False]"
"mutationdraftordercreate: [0, False]"
"mutationdraftorderdelete: [0, False]"
"mutationdraftorderbulkdelete: [0, False]"
"mutationdraftorderlinesbulkdelete: [0, False]"
"mutationdraftorderlinescreate: [0, False]"
"mutationdraftorderlinedelete: [0, False]"
"mutationdraftorderlineupdate: [0, False]"
"mutationdraftorderupdate: [0, False]"
"mutationorderaddnote: [0, False]"
"mutationordercancel: [0, False]"
"mutationordercapture: [0, False]"
"mutationorderfulfill: [0, False]"
"mutationorderfulfillmentcancel: [0, False]"
"mutationorderfulfillmentupdatetracking: [0, False]"
"mutationordermarkaspaid: [0, False]"
"mutationorderrefund: [0, False]"
"mutationorderupdate: [0, False]"
"mutationorderupdateshipping: [0, False]"
"mutationordervoid: [0, False]"
"mutationorderbulkcancel: [0, False]"
"mutationdeletemetadata: [0, False]"
"mutationdeleteprivatemetadata: [0, False]"
"mutationupdatemetadata: [0, False]"
"mutationupdateprivatemetadata: [0, False]"
"mutationassignnavigation: [0, False]"
"mutationmenucreate: [0, False]"
"mutationmenudelete: [0, False]"
"mutationmenubulkdelete: [0, False]"
"mutationmenuupdate: [0, False]"
"mutationmenuitemcreate: [0, False]"
"mutationmenuitemdelete: [0, False]"
"mutationmenuitembulkdelete: [0, False]"
"mutationmenuitemupdate: [0, False]"
"mutationmenuitemtranslate: [0, False]"
"mutationmenuitemmove: [0, False]"
"mutationinvoicerequest: [0, False]"
"mutationinvoicerequestdelete: [0, False]"
"mutationinvoicecreate: [0, False]"
"mutationinvoicedelete: [0, False]"
"mutationinvoiceupdate: [0, False]"
"mutationinvoicesendemail: [0, False]"
"mutationgiftcardactivate: [0, False]"
"mutationgiftcardcreate: [0, False]"
"mutationgiftcarddeactivate: [0, False]"
"mutationgiftcardupdate: [0, False]"
"mutationpluginupdate: [0, False]"
"mutationsalecreate: [0, False]"
"mutationsaledelete: [0, False]"
"mutationsalebulkdelete: [0, False]"
"mutationsaleupdate: [0, False]"
"mutationsalecataloguesadd: [0, False]"
"mutationsalecataloguesremove: [0, False]"
"mutationsaletranslate: [0, False]"
"mutationvouchercreate: [0, False]"
"mutationvoucherdelete: [0, False]"
"mutationvoucherbulkdelete: [0, False]"
"mutationvoucherupdate: [0, False]"
"mutationvouchercataloguesadd: [0, False]"
"mutationvouchercataloguesremove: [0, False]"
"mutationvouchertranslate: [0, False]"
"mutationexportproducts: [0, False]"
"mutationcheckoutaddpromocode: [0, False]"
"mutationcheckoutbillingaddressupdate: [0, False]"
"mutationcheckoutcomplete: [0, False]"
"mutationcheckoutcreate: [0, False]"
"mutationcheckoutcustomerattach: [0, False]"
"mutationcheckoutcustomerdetach: [0, False]"
"mutationcheckoutemailupdate: [0, False]"
"mutationcheckoutlinedelete: [0, False]"
"mutationcheckoutlinesadd: [0, False]"
"mutationcheckoutlinesupdate: [0, False]"
"mutationcheckoutremovepromocode: [0, False]"
"mutationcheckoutpaymentcreate: [0, False]"
"mutationcheckoutshippingaddressupdate: [0, False]"
"mutationcheckoutshippingmethodupdate: [0, False]"
"mutationappcreate: [0, False]"
"mutationappupdate: [0, False]"
"mutationappdelete: [0, False]"
"mutationapptokencreate: [0, False]"
"mutationapptokendelete: [0, False]"
"mutationapptokenverify: [0, False]"
"mutationappinstall: [0, False]"
"mutationappretryinstall: [0, False]"
"mutationappdeletefailedinstallation: [0, False]"
"mutationappfetchmanifest: [0, False]"
"mutationappactivate: [0, False]"
"mutationappdeactivate: [0, False]"
"mutationtokencreate: [0, False]"
"mutationtokenrefresh: [0, False]"
"mutationtokenverify: [0, False]"
"mutationtokensdeactivateall: [0, False]"
"mutationrequestpasswordreset: [0, False]"
"mutationconfirmaccount: [0, False]"
"mutationsetpassword: [0, False]"
"mutationpasswordchange: [0, False]"
"mutationrequestemailchange: [0, False]"
"mutationconfirmemailchange: [0, False]"
"mutationaccountaddresscreate: [0, False]"
"mutationaccountaddressupdate: [0, False]"
"mutationaccountaddressdelete: [0, False]"
"mutationaccountsetdefaultaddress: [0, False]"
"mutationaccountregister: [0, False]"
"mutationaccountupdate: [0, False]"
"mutationaccountrequestdeletion: [0, False]"
"mutationaccountdelete: [0, False]"
"mutationaddresscreate: [0, False]"
"mutationaddressupdate: [0, False]"
"mutationaddressdelete: [0, False]"
"mutationaddresssetdefault: [0, False]"
"mutationcustomercreate: [0, False]"
"mutationcustomerupdate: [0, False]"
"mutationcustomerdelete: [0, False]"
"mutationcustomerbulkdelete: [0, False]"
"mutationstaffcreate: [0, False]"
"mutationstaffupdate: [0, False]"
"mutationstaffdelete: [0, False]"
"mutationstaffbulkdelete: [0, False]"
"mutationuseravatarupdate: [0, False]"
"mutationuseravatardelete: [0, False]"
"mutationuserbulksetactive: [0, False]"
"mutationpermissiongroupcreate: [0, False]"
"mutationpermissiongroupupdate: [0, False]"
"mutationpermissiongroupdelete: [0, False]"
"webhookcreatewebhookerrors: [0, False]"
"webhookcreatewebhook: [0, False]"
"errorfield: [0, False]"
"errormessage: [0, False]"
"webhookerrorfield: [0, False]"
"webhookerrormessage: [0, False]"
"webhookerrorcode: [0, False]"
"webhookdeletewebhookerrors: [0, False]"
"webhookdeletewebhook: [0, False]"
"webhookupdatewebhookerrors: [0, False]"
"webhookupdatewebhook: [0, False]"
"warehousecreatewarehouseerrors: [0, False]"
"warehousecreatewarehouse: [0, False]"
"warehouseerrorfield: [0, False]"
"warehouseerrormessage: [0, False]"
"warehouseerrorcode: [0, False]"
"warehouseupdatewarehouseerrors: [0, False]"
"warehouseupdatewarehouse: [0, False]"
"warehousedeletewarehouseerrors: [0, False]"
"warehousedeletewarehouse: [0, False]"
"warehouseshippingzoneassignwarehouseerrors: [0, False]"
"warehouseshippingzoneassignwarehouse: [0, False]"
"warehouseshippingzoneunassignwarehouseerrors: [0, False]"
"warehouseshippingzoneunassignwarehouse: [0, False]"
"authorizationkeyaddauthorizationkey: [0, False]"
"authorizationkeyaddshop: [0, False]"
"authorizationkeyaddshoperrors: [0, False]"
"shoperrorfield: [0, False]"
"shoperrormessage: [0, False]"
"shoperrorcode: [0, False]"
"authorizationkeydeleteauthorizationkey: [0, False]"
"authorizationkeydeleteshop: [0, False]"
"authorizationkeydeleteshoperrors: [0, False]"
"staffnotificationrecipientcreateshoperrors: [0, False]"
"staffnotificationrecipientcreatestaffnotificationrecipient: [0, False]"
"staffnotificationrecipientupdateshoperrors: [0, False]"
"staffnotificationrecipientupdatestaffnotificationrecipient: [0, False]"
"staffnotificationrecipientdeleteshoperrors: [0, False]"
"staffnotificationrecipientdeletestaffnotificationrecipient: [0, False]"
"homepagecollectionupdateshop: [0, False]"
"homepagecollectionupdateshoperrors: [0, False]"
"shopdomainupdateshop: [0, False]"
"shopdomainupdateshoperrors: [0, False]"
"shopsettingsupdateshop: [0, False]"
"shopsettingsupdateshoperrors: [0, False]"
"shopfetchtaxratesshop: [0, False]"
"shopfetchtaxratesshoperrors: [0, False]"
"shopsettingstranslateshop: [0, False]"
"shopsettingstranslatetranslationerrors: [0, False]"
"translationerrorfield: [0, False]"
"translationerrormessage: [0, False]"
"translationerrorcode: [0, False]"
"shopaddressupdateshop: [0, False]"
"shopaddressupdateshoperrors: [0, False]"
"shippingpricecreateshippingzone: [0, False]"
"shippingpricecreateshippingerrors: [0, False]"
"shippingpricecreateshippingmethod: [0, False]"
"shippingerrorfield: [0, False]"
"shippingerrormessage: [0, False]"
"shippingerrorcode: [0, False]"
"shippingerrorwarehouses: [0, False]"
"shippingpricedeleteshippingmethod: [0, False]"
"shippingpricedeleteshippingzone: [0, False]"
"shippingpricedeleteshippingerrors: [0, False]"
"shippingpricebulkdeletecount: [0, False]"
"shippingpricebulkdeleteshippingerrors: [0, False]"
"shippingpriceupdateshippingzone: [0, False]"
"shippingpriceupdateshippingerrors: [0, False]"
"shippingpriceupdateshippingmethod: [0, False]"
"shippingpricetranslatetranslationerrors: [0, False]"
"shippingpricetranslateshippingmethod: [0, False]"
"shippingzonecreateshippingerrors: [0, False]"
"shippingzonecreateshippingzone: [0, False]"
"shippingzonedeleteshippingerrors: [0, False]"
"shippingzonedeleteshippingzone: [0, False]"
"shippingzonebulkdeletecount: [0, False]"
"shippingzonebulkdeleteshippingerrors: [0, False]"
"shippingzoneupdateshippingerrors: [0, False]"
"shippingzoneupdateshippingzone: [0, False]"
"attributecreateattribute: [0, False]"
"attributecreateproducterrors: [0, False]"
"producterrorfield: [0, False]"
"producterrormessage: [0, False]"
"producterrorcode: [0, False]"
"producterrorattributes: [0, False]"
"attributedeleteproducterrors: [0, False]"
"attributedeleteattribute: [0, False]"
"attributebulkdeletecount: [0, False]"
"attributebulkdeleteproducterrors: [0, False]"
"attributeassignproducttype: [0, False]"
"attributeassignproducterrors: [0, False]"
"attributeunassignproducttype: [0, False]"
"attributeunassignproducterrors: [0, False]"
"attributeupdateattribute: [0, False]"
"attributeupdateproducterrors: [0, False]"
"attributetranslatetranslationerrors: [0, False]"
"attributetranslateattribute: [0, False]"
"attributeupdatemetaproducterrors: [0, False]"
"attributeupdatemetaattribute: [0, False]"
"attributeclearmetaproducterrors: [0, False]"
"attributeclearmetaattribute: [0, False]"
"attributeupdateprivatemetaproducterrors: [0, False]"
"attributeupdateprivatemetaattribute: [0, False]"
"attributeclearprivatemetaproducterrors: [0, False]"
"attributeclearprivatemetaattribute: [0, False]"
"attributevaluecreateattribute: [0, False]"
"attributevaluecreateproducterrors: [0, False]"
"attributevaluecreateattributevalue: [0, False]"
"attributevaluedeleteattribute: [0, False]"
"attributevaluedeleteproducterrors: [0, False]"
"attributevaluedeleteattributevalue: [0, False]"
"attributevaluebulkdeletecount: [0, False]"
"attributevaluebulkdeleteproducterrors: [0, False]"
"attributevalueupdateattribute: [0, False]"
"attributevalueupdateproducterrors: [0, False]"
"attributevalueupdateattributevalue: [0, False]"
"attributevaluetranslatetranslationerrors: [0, False]"
"attributevaluetranslateattributevalue: [0, False]"
"attributereordervaluesattribute: [0, False]"
"attributereordervaluesproducterrors: [0, False]"
"categorycreateproducterrors: [0, False]"
"categorycreatecategory: [0, False]"
"categorydeleteproducterrors: [0, False]"
"categorydeletecategory: [0, False]"
"categorybulkdeletecount: [0, False]"
"categorybulkdeleteproducterrors: [0, False]"
"categoryupdateproducterrors: [0, False]"
"categoryupdatecategory: [0, False]"
"categorytranslatetranslationerrors: [0, False]"
"categorytranslatecategory: [0, False]"
"categoryupdatemetaproducterrors: [0, False]"
"categoryupdatemetacategory: [0, False]"
"categoryclearmetaproducterrors: [0, False]"
"categoryclearmetacategory: [0, False]"
"categoryupdateprivatemetaproducterrors: [0, False]"
"categoryupdateprivatemetacategory: [0, False]"
"categoryclearprivatemetaproducterrors: [0, False]"
"categoryclearprivatemetacategory: [0, False]"
"collectionaddproductscollection: [0, False]"
"collectionaddproductsproducterrors: [0, False]"
"collectioncreateproducterrors: [0, False]"
"collectioncreatecollection: [0, False]"
"collectiondeleteproducterrors: [0, False]"
"collectiondeletecollection: [0, False]"
"collectionreorderproductscollection: [0, False]"
"collectionreorderproductsproducterrors: [0, False]"
"collectionbulkdeletecount: [0, False]"
"collectionbulkdeleteproducterrors: [0, False]"
"collectionbulkpublishcount: [0, False]"
"collectionbulkpublishproducterrors: [0, False]"
"collectionremoveproductscollection: [0, False]"
"collectionremoveproductsproducterrors: [0, False]"
"collectionupdateproducterrors: [0, False]"
"collectionupdatecollection: [0, False]"
"collectiontranslatetranslationerrors: [0, False]"
"collectiontranslatecollection: [0, False]"
"collectionupdatemetaproducterrors: [0, False]"
"collectionupdatemetacollection: [0, False]"
"collectionclearmetaproducterrors: [0, False]"
"collectionclearmetacollection: [0, False]"
"collectionupdateprivatemetaproducterrors: [0, False]"
"collectionupdateprivatemetacollection: [0, False]"
"collectionclearprivatemetaproducterrors: [0, False]"
"collectionclearprivatemetacollection: [0, False]"
"productcreateproducterrors: [0, False]"
"productcreateproduct: [0, False]"
"productdeleteproducterrors: [0, False]"
"productdeleteproduct: [0, False]"
"productbulkdeletecount: [0, False]"
"productbulkdeleteproducterrors: [0, False]"
"productbulkpublishcount: [0, False]"
"productbulkpublishproducterrors: [0, False]"
"productupdateproducterrors: [0, False]"
"productupdateproduct: [0, False]"
"producttranslatetranslationerrors: [0, False]"
"producttranslateproduct: [0, False]"
"productupdatemetaproducterrors: [0, False]"
"productupdatemetaproduct: [0, False]"
"productclearmetaproducterrors: [0, False]"
"productclearmetaproduct: [0, False]"
"productupdateprivatemetaproducterrors: [0, False]"
"productupdateprivatemetaproduct: [0, False]"
"productclearprivatemetaproducterrors: [0, False]"
"productclearprivatemetaproduct: [0, False]"
"productsetavailabilityforpurchaseproduct: [0, False]"
"productsetavailabilityforpurchaseproducterrors: [0, False]"
"productimagecreateproduct: [0, False]"
"productimagecreateimage: [0, False]"
"productimagecreateproducterrors: [0, False]"
"productvariantreorderproduct: [0, False]"
"productvariantreorderproducterrors: [0, False]"
"productimagedeleteproduct: [0, False]"
"productimagedeleteimage: [0, False]"
"productimagedeleteproducterrors: [0, False]"
"productimagebulkdeletecount: [0, False]"
"productimagebulkdeleteproducterrors: [0, False]"
"productimagereorderproduct: [0, False]"
"productimagereorderimages: [0, False]"
"productimagereorderproducterrors: [0, False]"
"productimageupdateproduct: [0, False]"
"productimageupdateimage: [0, False]"
"productimageupdateproducterrors: [0, False]"
"producttypecreateproducterrors: [0, False]"
"producttypecreateproducttype: [0, False]"
"producttypedeleteproducterrors: [0, False]"
"producttypedeleteproducttype: [0, False]"
"producttypebulkdeletecount: [0, False]"
"producttypebulkdeleteproducterrors: [0, False]"
"producttypeupdateproducterrors: [0, False]"
"producttypeupdateproducttype: [0, False]"
"producttypereorderattributesproducttype: [0, False]"
"producttypereorderattributesproducterrors: [0, False]"
"producttypeupdatemetaproducterrors: [0, False]"
"producttypeupdatemetaproducttype: [0, False]"
"producttypeclearmetaproducterrors: [0, False]"
"producttypeclearmetaproducttype: [0, False]"
"producttypeupdateprivatemetaproducterrors: [0, False]"
"producttypeupdateprivatemetaproducttype: [0, False]"
"producttypeclearprivatemetaproducterrors: [0, False]"
"producttypeclearprivatemetaproducttype: [0, False]"
"digitalcontentcreatevariant: [0, False]"
"digitalcontentcreatecontent: [0, False]"
"digitalcontentcreateproducterrors: [0, False]"
"digitalcontentdeletevariant: [0, False]"
"digitalcontentdeleteproducterrors: [0, False]"
"digitalcontentupdatevariant: [0, False]"
"digitalcontentupdatecontent: [0, False]"
"digitalcontentupdateproducterrors: [0, False]"
"digitalcontenturlcreateproducterrors: [0, False]"
"digitalcontenturlcreatedigitalcontenturl: [0, False]"
"productvariantcreateproducterrors: [0, False]"
"productvariantcreateproductvariant: [0, False]"
"productvariantdeleteproducterrors: [0, False]"
"productvariantdeleteproductvariant: [0, False]"
"productvariantbulkcreatecount: [0, False]"
"productvariantbulkcreateproductvariants: [0, False]"
"productvariantbulkcreatebulkproducterrors: [0, False]"
"bulkproducterrorfield: [0, False]"
"bulkproducterrormessage: [0, False]"
"bulkproducterrorcode: [0, False]"
"bulkproducterrorattributes: [0, False]"
"bulkproducterrorindex: [0, False]"
"bulkproducterrorwarehouses: [0, False]"
"productvariantbulkdeletecount: [0, False]"
"productvariantbulkdeleteproducterrors: [0, False]"
"productvariantstockscreateproductvariant: [0, False]"
"productvariantstockscreatebulkstockerrors: [0, False]"
"bulkstockerrorfield: [0, False]"
"bulkstockerrormessage: [0, False]"
"bulkstockerrorcode: [0, False]"
"bulkstockerrorattributes: [0, False]"
"bulkstockerrorindex: [0, False]"
"productvariantstocksdeleteproductvariant: [0, False]"
"productvariantstocksdeletestockerrors: [0, False]"
"stockerrorfield: [0, False]"
"stockerrormessage: [0, False]"
"stockerrorcode: [0, False]"
"productvariantstocksupdateproductvariant: [0, False]"
"productvariantstocksupdatebulkstockerrors: [0, False]"
"productvariantupdateproducterrors: [0, False]"
"productvariantupdateproductvariant: [0, False]"
"productvariantsetdefaultproduct: [0, False]"
"productvariantsetdefaultproducterrors: [0, False]"
"productvarianttranslatetranslationerrors: [0, False]"
"productvarianttranslateproductvariant: [0, False]"
"productvariantupdatemetaproducterrors: [0, False]"
"productvariantupdatemetaproductvariant: [0, False]"
"productvariantclearmetaproducterrors: [0, False]"
"productvariantclearmetaproductvariant: [0, False]"
"productvariantupdateprivatemetaproducterrors: [0, False]"
"productvariantupdateprivatemetaproductvariant: [0, False]"
"productvariantclearprivatemetaproducterrors: [0, False]"
"productvariantclearprivatemetaproductvariant: [0, False]"
"variantimageassignproductvariant: [0, False]"
"variantimageassignimage: [0, False]"
"variantimageassignproducterrors: [0, False]"
"variantimageunassignproductvariant: [0, False]"
"variantimageunassignimage: [0, False]"
"variantimageunassignproducterrors: [0, False]"
"paymentcapturepayment: [0, False]"
"paymentcapturepaymenterrors: [0, False]"
"paymenterrorfield: [3, True]"
"paymenterrormessage: [3, True]"
"paymenterrorcode: [3, True]"
"paymentrefundpayment: [0, False]"
"paymentrefundpaymenterrors: [0, False]"
"paymentvoidpayment: [0, False]"
"paymentvoidpaymenterrors: [0, False]"
"pagecreatepageerrors: [0, False]"
"pagecreatepage: [0, False]"
"pageerrorfield: [0, False]"
"pageerrormessage: [0, False]"
"pageerrorcode: [0, False]"
"pagedeletepageerrors: [0, False]"
"pagedeletepage: [0, False]"
"pagebulkdeletecount: [0, False]"
"pagebulkdeletepageerrors: [0, False]"
"pagebulkpublishcount: [0, False]"
"pagebulkpublishpageerrors: [0, False]"
"pageupdatepageerrors: [0, False]"
"pageupdatepage: [0, False]"
"pagetranslatetranslationerrors: [0, False]"
"pagetranslatepage: [0, False]"
"draftordercompleteorder: [0, False]"
"draftordercompleteordererrors: [0, False]"
"ordererrorfield: [1, True]"
"ordererrormessage: [0, False]"
"ordererrorcode: [1, True]"
"ordererrorwarehouse: [0, False]"
"ordererrororderline: [0, False]"
"draftordercreateordererrors: [0, False]"
"draftordercreateorder: [0, False]"
"draftorderdeleteordererrors: [0, False]"
"draftorderdeleteorder: [0, False]"
"draftorderbulkdeletecount: [0, False]"
"draftorderbulkdeleteordererrors: [0, False]"
"draftorderlinesbulkdeletecount: [0, False]"
"draftorderlinesbulkdeleteordererrors: [0, False]"
"draftorderlinescreateorder: [0, False]"
"draftorderlinescreateorderlines: [0, False]"
"draftorderlinescreateordererrors: [0, False]"
"draftorderlinedeleteorder: [0, False]"
"draftorderlinedeleteorderline: [0, False]"
"draftorderlinedeleteordererrors: [0, False]"
"draftorderlineupdateorder: [0, False]"
"draftorderlineupdateordererrors: [0, False]"
"draftorderlineupdateorderline: [0, False]"
"draftorderupdateordererrors: [0, False]"
"draftorderupdateorder: [0, False]"
"orderaddnoteorder: [0, False]"
"orderaddnoteevent: [0, False]"
"orderaddnoteordererrors: [0, False]"
"ordercancelorder: [0, False]"
"ordercancelordererrors: [0, False]"
"ordercaptureorder: [0, False]"
"ordercaptureordererrors: [0, False]"
"orderclearprivatemetaorder: [0, False]"
"orderclearmetaorder: [0, False]"
"orderfulfillfulfillments: [0, False]"
"orderfulfillorder: [0, False]"
"orderfulfillordererrors: [0, False]"
"fulfillmentcancelfulfillment: [0, False]"
"fulfillmentcancelorder: [0, False]"
"fulfillmentcancelordererrors: [0, False]"
"fulfillmentupdatetrackingfulfillment: [0, False]"
"fulfillmentupdatetrackingorder: [0, False]"
"fulfillmentupdatetrackingordererrors: [0, False]"
"fulfillmentclearmetafulfillment: [0, False]"
"fulfillmentclearprivatemetafulfillment: [0, False]"
"fulfillmentupdatemetafulfillment: [0, False]"
"fulfillmentupdateprivatemetafulfillment: [0, False]"
"ordermarkaspaidorder: [0, False]"
"ordermarkaspaidordererrors: [0, False]"
"orderrefundorder: [0, False]"
"orderrefundordererrors: [0, False]"
"orderupdateordererrors: [0, False]"
"orderupdateorder: [0, False]"
"orderupdatemetaorder: [0, False]"
"orderupdateprivatemetaorder: [0, False]"
"orderupdateshippingorder: [0, False]"
"orderupdateshippingordererrors: [0, False]"
"ordervoidorder: [0, False]"
"ordervoidordererrors: [0, False]"
"orderbulkcancelcount: [0, False]"
"orderbulkcancelordererrors: [0, False]"
"deletemetadatametadataerrors: [0, False]"
"deletemetadataitem: [0, False]"
"metadataerrorfield: [0, False]"
"metadataerrormessage: [0, False]"
"metadataerrorcode: [0, False]"
"deleteprivatemetadatametadataerrors: [0, False]"
"deleteprivatemetadataitem: [0, False]"
"updatemetadatametadataerrors: [0, False]"
"updatemetadataitem: [0, False]"
"updateprivatemetadatametadataerrors: [0, False]"
"updateprivatemetadataitem: [0, False]"
"assignnavigationmenu: [0, False]"
"assignnavigationmenuerrors: [0, False]"
"menuerrorfield: [0, False]"
"menuerrormessage: [0, False]"
"menuerrorcode: [0, False]"
"menucreatemenuerrors: [0, False]"
"menucreatemenu: [0, False]"
"menudeletemenuerrors: [0, False]"
"menudeletemenu: [0, False]"
"menubulkdeletecount: [0, False]"
"menubulkdeletemenuerrors: [0, False]"
"menuupdatemenuerrors: [0, False]"
"menuupdatemenu: [0, False]"
"menuitemcreatemenuerrors: [0, False]"
"menuitemcreatemenuitem: [0, False]"
"menuitemdeletemenuerrors: [0, False]"
"menuitemdeletemenuitem: [0, False]"
"menuitembulkdeletecount: [0, False]"
"menuitembulkdeletemenuerrors: [0, False]"
"menuitemupdatemenuerrors: [0, False]"
"menuitemupdatemenuitem: [0, False]"
"menuitemtranslatetranslationerrors: [0, False]"
"menuitemtranslatemenuitem: [0, False]"
"menuitemmovemenu: [0, False]"
"menuitemmovemenuerrors: [0, False]"
"invoicerequestorder: [0, False]"
"invoicerequestinvoiceerrors: [0, False]"
"invoicerequestinvoice: [0, False]"
"invoiceerrorfield: [0, False]"
"invoiceerrormessage: [0, False]"
"invoiceerrorcode: [0, False]"
"invoicerequestdeleteinvoiceerrors: [0, False]"
"invoicerequestdeleteinvoice: [0, False]"
"invoicecreateinvoiceerrors: [0, False]"
"invoicecreateinvoice: [0, False]"
"invoicedeleteinvoiceerrors: [0, False]"
"invoicedeleteinvoice: [0, False]"
"invoiceupdateinvoiceerrors: [0, False]"
"invoiceupdateinvoice: [0, False]"
"invoicesendemailinvoiceerrors: [0, False]"
"invoicesendemailinvoice: [0, False]"
"giftcardactivategiftcard: [0, False]"
"giftcardactivategiftcarderrors: [0, False]"
"giftcarderrorfield: [0, False]"
"giftcarderrormessage: [0, False]"
"giftcarderrorcode: [0, False]"
"giftcardcreategiftcarderrors: [0, False]"
"giftcardcreategiftcard: [0, False]"
"giftcarddeactivategiftcard: [0, False]"
"giftcarddeactivategiftcarderrors: [0, False]"
"giftcardupdategiftcarderrors: [0, False]"
"giftcardupdategiftcard: [0, False]"
"pluginupdateplugin: [0, False]"
"pluginupdatepluginserrors: [0, False]"
"pluginerrorfield: [0, False]"
"pluginerrormessage: [0, False]"
"pluginerrorcode: [0, False]"
"salecreatediscounterrors: [0, False]"
"salecreatesale: [0, False]"
"discounterrorfield: [0, False]"
"discounterrormessage: [0, False]"
"discounterrorcode: [0, False]"
"saledeletediscounterrors: [0, False]"
"saledeletesale: [0, False]"
"salebulkdeletecount: [0, False]"
"salebulkdeletediscounterrors: [0, False]"
"saleupdatediscounterrors: [0, False]"
"saleupdatesale: [0, False]"
"saleaddcataloguessale: [0, False]"
"saleaddcataloguesdiscounterrors: [0, False]"
"saleremovecataloguessale: [0, False]"
"saleremovecataloguesdiscounterrors: [0, False]"
"saletranslatetranslationerrors: [0, False]"
"saletranslatesale: [0, False]"
"vouchercreatediscounterrors: [0, False]"
"vouchercreatevoucher: [0, False]"
"voucherdeletediscounterrors: [0, False]"
"voucherdeletevoucher: [0, False]"
"voucherbulkdeletecount: [0, False]"
"voucherbulkdeletediscounterrors: [0, False]"
"voucherupdatediscounterrors: [0, False]"
"voucherupdatevoucher: [0, False]"
"voucheraddcataloguesvoucher: [0, False]"
"voucheraddcataloguesdiscounterrors: [0, False]"
"voucherremovecataloguesvoucher: [0, False]"
"voucherremovecataloguesdiscounterrors: [0, False]"
"vouchertranslatetranslationerrors: [0, False]"
"vouchertranslatevoucher: [0, False]"
"exportproductsexportfile: [0, False]"
"exportproductsexporterrors: [0, False]"
"exporterrorfield: [0, False]"
"exporterrormessage: [0, False]"
"exporterrorcode: [0, False]"
"checkoutaddpromocodecheckout: [0, False]"
"checkoutaddpromocodecheckouterrors: [0, False]"
"checkouterrorfield: [16, True]"
"checkouterrormessage: [16, True]"
"checkouterrorcode: [16, True]"
"checkouterrorvariants: [0, False]"
"checkoutbillingaddressupdatecheckout: [0, False]"
"checkoutbillingaddressupdatecheckouterrors: [0, False]"
"checkoutcompleteorder: [0, False]"
"checkoutcompleteconfirmationneeded: [0, False]"
"checkoutcompleteconfirmationdata: [0, False]"
"checkoutcompletecheckouterrors: [0, False]"
"checkoutcreatecreated: [0, False]"
"checkoutcreatecheckouterrors: [0, False]"
"checkoutcreatecheckout: [0, False]"
"checkoutcustomerattachcheckout: [0, False]"
"checkoutcustomerattachcheckouterrors: [0, False]"
"checkoutcustomerdetachcheckout: [0, False]"
"checkoutcustomerdetachcheckouterrors: [0, False]"
"checkoutemailupdatecheckout: [0, False]"
"checkoutemailupdatecheckouterrors: [0, False]"
"checkoutlinedeletecheckout: [0, False]"
"checkoutlinedeletecheckouterrors: [0, False]"
"checkoutlinesaddcheckout: [0, False]"
"checkoutlinesaddcheckouterrors: [0, False]"
"checkoutlinesupdatecheckout: [0, False]"
"checkoutlinesupdatecheckouterrors: [0, False]"
"checkoutremovepromocodecheckout: [0, False]"
"checkoutremovepromocodecheckouterrors: [0, False]"
"checkoutpaymentcreatecheckout: [0, False]"
"checkoutpaymentcreatepayment: [0, False]"
"checkoutpaymentcreatepaymenterrors: [0, False]"
"checkoutshippingaddressupdatecheckout: [0, False]"
"checkoutshippingaddressupdatecheckouterrors: [0, False]"
"checkoutshippingmethodupdatecheckout: [0, False]"
"checkoutshippingmethodupdatecheckouterrors: [0, False]"
"checkoutupdatemetacheckouterrors: [0, False]"
"checkoutupdatemetacheckout: [0, False]"
"checkoutclearmetacheckouterrors: [0, False]"
"checkoutclearmetacheckout: [0, False]"
"checkoutupdateprivatemetacheckouterrors: [0, False]"
"checkoutupdateprivatemetacheckout: [0, False]"
"checkoutclearprivatemetacheckouterrors: [0, False]"
"checkoutclearprivatemetacheckout: [0, False]"
"appcreateauthtoken: [0, False]"
"appcreateapperrors: [0, False]"
"appcreateapp: [0, False]"
"apperrorfield: [0, False]"
"apperrormessage: [0, False]"
"apperrorcode: [0, False]"
"apperrorpermissions: [0, False]"
"appupdateapperrors: [0, False]"
"appupdateapp: [0, False]"
"appdeleteapperrors: [0, False]"
"appdeleteapp: [0, False]"
"apptokencreateauthtoken: [0, False]"
"apptokencreateapperrors: [0, False]"
"apptokencreateapptoken: [0, False]"
"apptokendeleteapperrors: [0, False]"
"apptokendeleteapptoken: [0, False]"
"apptokenverifyvalid: [0, False]"
"apptokenverifyapperrors: [0, False]"
"appinstallapperrors: [0, False]"
"appinstallappinstallation: [0, False]"
"appretryinstallapperrors: [0, False]"
"appretryinstallappinstallation: [0, False]"
"appdeletefailedinstallationapperrors: [0, False]"
"appdeletefailedinstallationappinstallation: [0, False]"
"appfetchmanifestmanifest: [0, False]"
"appfetchmanifestapperrors: [0, False]"
"manifestidentifier: [0, False]"
"manifestversion: [0, False]"
"manifestname: [0, False]"
"manifestabout: [0, False]"
"manifestpermissions: [0, False]"
"manifestappurl: [0, False]"
"manifestconfigurationurl: [0, False]"
"manifesttokentargeturl: [0, False]"
"manifestdataprivacy: [0, False]"
"manifestdataprivacyurl: [0, False]"
"manifesthomepageurl: [0, False]"
"manifestsupporturl: [0, False]"
"appactivateapperrors: [0, False]"
"appactivateapp: [0, False]"
"appdeactivateapperrors: [0, False]"
"appdeactivateapp: [0, False]"
"createtokentoken: [0, False]"
"createtokenrefreshtoken: [0, False]"
"createtokencsrftoken: [0, False]"
"createtokenuser: [0, False]"
"createtokenaccounterrors: [0, False]"
"accounterrorfield: [1, True]"
"accounterrormessage: [1, True]"
"accounterrorcode: [1, True]"
"refreshtokentoken: [0, False]"
"refreshtokenuser: [0, False]"
"refreshtokenaccounterrors: [0, False]"
"verifytokenuser: [0, False]"
"verifytokenisvalid: [0, False]"
"verifytokenpayload: [0, False]"
"verifytokenaccounterrors: [0, False]"
"deactivateallusertokensaccounterrors: [0, False]"
"requestpasswordresetaccounterrors: [0, False]"
"confirmaccountuser: [0, False]"
"confirmaccountaccounterrors: [0, False]"
"setpasswordtoken: [0, False]"
"setpasswordrefreshtoken: [0, False]"
"setpasswordcsrftoken: [0, False]"
"setpassworduser: [0, False]"
"setpasswordaccounterrors: [0, False]"
"passwordchangeuser: [0, False]"
"passwordchangeaccounterrors: [0, False]"
"requestemailchangeuser: [0, False]"
"requestemailchangeaccounterrors: [0, False]"
"confirmemailchangeuser: [0, False]"
"confirmemailchangeaccounterrors: [0, False]"
"accountaddresscreateuser: [0, False]"
"accountaddresscreateaccounterrors: [0, False]"
"accountaddresscreateaddress: [0, False]"
"accountaddressupdateuser: [0, False]"
"accountaddressupdateaccounterrors: [0, False]"
"accountaddressupdateaddress: [0, False]"
"accountaddressdeleteuser: [0, False]"
"accountaddressdeleteaccounterrors: [0, False]"
"accountaddressdeleteaddress: [0, False]"
"accountsetdefaultaddressuser: [0, False]"
"accountsetdefaultaddressaccounterrors: [0, False]"
"accountregisterrequiresconfirmation: [0, False]"
"accountregisteraccounterrors: [0, False]"
"accountregisteruser: [0, False]"
"accountupdateaccounterrors: [0, False]"
"accountupdateuser: [0, False]"
"accountrequestdeletionaccounterrors: [0, False]"
"accountdeleteaccounterrors: [0, False]"
"accountdeleteuser: [0, False]"
"accountupdatemetaaccounterrors: [0, False]"
"accountupdatemetauser: [0, False]"
"addresscreateuser: [0, False]"
"addresscreateaccounterrors: [0, False]"
"addresscreateaddress: [0, False]"
"addressupdateuser: [0, False]"
"addressupdateaccounterrors: [0, False]"
"addressupdateaddress: [0, False]"
"addressdeleteuser: [0, False]"
"addressdeleteaccounterrors: [0, False]"
"addressdeleteaddress: [0, False]"
"addresssetdefaultuser: [0, False]"
"addresssetdefaultaccounterrors: [0, False]"
"customercreateaccounterrors: [0, False]"
"customercreateuser: [0, False]"
"customerupdateaccounterrors: [0, False]"
"customerupdateuser: [0, False]"
"customerdeleteaccounterrors: [0, False]"
"customerdeleteuser: [0, False]"
"customerbulkdeletecount: [0, False]"
"customerbulkdeleteaccounterrors: [0, False]"
"staffcreatestafferrors: [0, False]"
"staffcreateuser: [0, False]"
"stafferrorfield: [1, True]"
"stafferrormessage: [0, False]"
"stafferrorcode: [1, True]"
"stafferrorpermissions: [0, False]"
"stafferrorgroups: [0, False]"
"stafferrorusers: [0, False]"
"staffupdatestafferrors: [0, False]"
"staffupdateuser: [0, False]"
"staffdeletestafferrors: [0, False]"
"staffdeleteuser: [0, False]"
"staffbulkdeletecount: [0, False]"
"staffbulkdeletestafferrors: [0, False]"
"useravatarupdateuser: [0, False]"
"useravatarupdateaccounterrors: [0, False]"
"useravatardeleteuser: [0, False]"
"useravatardeleteaccounterrors: [0, False]"
"userbulksetactivecount: [0, False]"
"userbulksetactiveaccounterrors: [0, False]"
"userupdatemetaaccounterrors: [0, False]"
"userupdatemetauser: [0, False]"
"userclearmetaaccounterrors: [0, False]"
"userclearmetauser: [0, False]"
"userupdateprivatemetaaccounterrors: [0, False]"
"userupdateprivatemetauser: [0, False]"
"userclearprivatemetaaccounterrors: [0, False]"
"userclearprivatemetauser: [0, False]"
"serviceaccountcreateauthtoken: [0, False]"
"serviceaccountcreateaccounterrors: [0, False]"
"serviceaccountcreateserviceaccount: [0, False]"
"serviceaccountupdateaccounterrors: [0, False]"
"serviceaccountupdateserviceaccount: [0, False]"
"serviceaccountdeleteaccounterrors: [0, False]"
"serviceaccountdeleteserviceaccount: [0, False]"
"serviceaccountupdateprivatemetaaccounterrors: [0, False]"
"serviceaccountupdateprivatemetaserviceaccount: [0, False]"
"serviceaccountclearprivatemetaaccounterrors: [0, False]"
"serviceaccountclearprivatemetaserviceaccount: [0, False]"
"serviceaccounttokencreateauthtoken: [0, False]"
"serviceaccounttokencreateaccounterrors: [0, False]"
"serviceaccounttokencreateserviceaccounttoken: [0, False]"
"serviceaccounttokendeleteaccounterrors: [0, False]"
"serviceaccounttokendeleteserviceaccounttoken: [0, False]"
"permissiongroupcreatepermissiongrouperrors: [0, False]"
"permissiongroupcreategroup: [0, False]"
"permissiongrouperrorfield: [0, False]"
"permissiongrouperrormessage: [0, False]"
"permissiongrouperrorcode: [0, False]"
"permissiongrouperrorpermissions: [0, False]"
"permissiongrouperrorusers: [0, False]"
"permissiongroupupdatepermissiongrouperrors: [0, False]"
"permissiongroupupdategroup: [0, False]"
"permissiongroupdeletepermissiongrouperrors: [0, False]"
"permissiongroupdeletegroup: [0, False]"
